S_1,S_2,S_3,S_4,S_5,S_6,S_7,S_8,S_9,S_10,S_11,S_12,S_13,S_14,S_15,S_16,S_17,S_18,S_19,S_20,S_21,D_1,D_2,D_3,D_4,D_5,D_6,D_7,D_8,D_9,D_10,D_11,D_12,D_13,D_14,D_15,D_16,D_17,D_18,D_19,D_20,D_21,N_1,N_2,N_3,N_4,N_5,N_6,N_7,N_8,N_9,N_10,N_11,N_12,N_13,N_14,N_15,N_16,N_17,N_18,N_19,N_20,N_21,Su_1,Su_2,Su_3,Su_4,Su_5,Su_6,Su_7,Su_8,Su_9,Su_10,Su_11,Su_12,Su_13,Su_14,Su_15,Su_16,Su_17,Su_18,Su_19,Su_20,Su_21,lSlotted_1,lSlotted_2,lSlotted_3,lSlotted_4,lSlotted_5,lSlotted_6,lSlotted_7,lSlotted_8,lSlotted_9,lSlotted_10,lSlotted_11,lSlotted_12,lSlotted_13,lSlotted_14,lSlotted_15,lSlotted_16,lSlotted_17,lSlotted_18,lSlotted_19,lSlotted_20,lSlotted_21,lUnslotted_1,lUnslotted_2,lUnslotted_3,lUnslotted_4,lUnslotted_5,lUnslotted_6,lUnslotted_7,lUnslotted_8,lUnslotted_9,lUnslotted_10,lUnslotted_11,lUnslotted_12,lUnslotted_13,lUnslotted_14,lUnslotted_15,lUnslotted_16,lUnslotted_17,lUnslotted_18,lUnslotted_19,lUnslotted_20,lUnslotted_21
0,0,0,0,0,0,0,0,0,0,0,0,0,0,0,0,0,0,0,0,0,0,0.982249373957918,2.66693372750661,4.29372849290014,5.56822184984243,6.38981731313548,6.61963086546648,6.40285837399942,6.15142029909906,6.08939411013247,6.21678755908059,6.33004901587873,6.27309161257154,6.06669231759273,5.90262017946206,5.89048891725181,5.98571012506778,6.05357585976221,6.01243346352311,5.90740492528915,5.84283912380143,25,0.303553919508701,0.292088615215245,0.29382070840823,0.282117402860774,0.262141160608035,0.239847609912262,0.219566226599116,0.203127203161319,0.190503990522246,0.180434975563699,0.171779180348987,0.164112736360384,0.157747296426075,0.153106647263978,0.149931915593611,0.147326702807585,0.144530262553128,0.141551995773393,0.13894496160941,0.137079534190813,1,0.818730012310619,0.670317959428748,0.548807604328862,0.449322992681204,0.367871911217705,0.301185704840461,0.246588090277353,0.201887751081525,0.165290514251275,0.135327441976507,0.110795914811151,0.0907113452823308,0.0742676258623524,0.060804759343298,0.0497823797850537,0.0407580791710065,0.0333696550836987,0.0273205677694787,0.0223680314605404,0.0183132682094403,0,0,0,0,0,0,0,0,0,0,0,0,0,0,0,0,0,0,0,0,0,0,0,0,0,0,0,0,0,0,0,0,0,0,0,0,0,0,0,0,0,0
4,3.99999170415964,3.9999710360785,3.99993177020416,3.99987687312306,3.99981073046574,3.99973924072744,3.99966818077684,3.99959989695195,3.99953340893842,3.99946647630385,3.99939813650579,3.999329520736,3.99926248576733,3.99919755286011,3.99913357269713,3.99906904402684,3.9990035562811,3.99893796088022,3.99887325993371,3.99880953670579,1,2.5292864385645,6.85007483849488,11.0127233523325,14.2734174375256,16.3732628033184,16.956593037703,16.3978873844842,15.7541545953709,15.5977787368138,15.9259033047626,16.2154456913765,16.0676641729184,15.5377749509485,15.1183161036979,15.0889464832713,15.3337145842341,15.5069609447245,15.4004446992065,15.1310258754173,14.9662899015015,16,0.777312103725826,0.748221460941867,0.752619172816812,0.722606287108107,0.671420887171785,0.614314227877732,0.562371527050525,0.520273600921882,0.487948394526668,0.462161782179119,0.439992661886462,0.420357548264729,0.40405674729598,0.392174480624944,0.384045466715889,0.37737257502157,0.370208433206811,0.362579492340515,0.355903142520074,0.351126903795467,1,0.818728888684559,0.670314754690562,0.548801404258733,0.44931381155403,0.367860338202406,0.301172635192919,0.246574461937189,0.201874289612621,18.9964643640867,152.463225917975,347.177650334083,475.206449206694,433.296471952399,354.746630327654,290.436742764482,287.645277045582,354.673129287575,423.863708407423,428.165231628812,370.514331599477,0.8,0.799998340831929,0.7999942072157,0.799986354040832,0.799975374624613,0.799962146093148,0.799947848145488,0.799933636155368,0.79991997939039,0.799906681787685,0.79989329526077,0.799879627301157,0.7998659041472,0.799852497153466,0.799839510572023,0.799826714539426,0.799813808805368,0.799800711256219,0.799787592176044,0.799774651986741,0.799761907341158,0,0,0,0,0,0,0,0,20.7772182984058,151.05900388633,245.332043488323,210.701747382875,48.809318793557,0,0,55.0126767198606,131.488933774547,147.282005342623,89.5265602585916,22.0321830430316,17.102520154949
4,3.99998102058182,3.99993323035013,3.99984279948677,3.9997166151165,3.99956475909352,3.99940080768243,3.99923796974142,3.99908150957183,3.99892936289324,3.99877794471988,3.99862702411416,3.99847908208847,3.99833564662673,3.99819564713439,3.99805620446905,3.99791477188282,3.99777192130963,3.99763038229714,3.99749168789013,3.99735458319944,2,5.92735451060688,15.9734746592453,25.5951941839059,33.129326350954,37.9683611998815,39.2883279025552,37.9724104240085,36.481827250448,36.0327773861678,36.0869211319365,35.7086619573967,34.6671220639361,33.6566030189967,33.1107718345871,33.3980029296044,33.9853220861417,34.0233384093604,33.3980930747698,32.7481259907732,32.6796643991642,27,1.80036104994883,1.73455926376077,1.74450254476191,1.67470664372156,1.55594860025095,1.42356219154069,1.30321295118341,1.20569918167831,1.13080174923048,1.07080592665231,1.0188158666868,0.972763385453818,0.935222073884571,0.908051326261494,0.889460175860723,0.873996886891742,0.857135573971591,0.839168064429182,0.823693634879961,0.812882669500091,6,4.91235893513821,4.02184708100849,3.29272835417101,2.69576451438253,127.931644482607,447.468594903858,691.751763637224,860.217480538084,983.125749144574,956.555585650959,840.438208111938,772.130852258564,821.381905909942,895.309523067332,945.479971704299,945.37939512233,905.657779912242,874.358454258052,883.986265103154,922.395064906165,0.8,0.799996204116363,0.799986646070026,0.799968559897354,0.7999433230233,0.799912951818703,0.799880161536486,0.799847593948284,0.799816301914366,0.799785872578648,0.799755588943975,0.799725404822832,0.799695816417695,0.799667129325346,0.799639129426877,0.799611240893811,0.799582954376563,0.799554384261926,0.799526076459429,0.799498337578025,0.799470916639888,0,0,0,0,138.718770279128,378.155025190893,359.045241494858,324.258224117227,307.691836193691,167.351000235282,63.2333635172987,92.7555677941866,208.798704067879,245.877108375477,234.452962918548,189.022933167577,145.287182921797,146.633654569236,185.528891579888,219.210025528215,214.349427285527
64,63.9993623108855,63.9977297174642,63.9946703248294,63.990418884979,63.9853671040045,63.9800949114188,63.975079294191,63.9704307949129,63.966030987267,63.9616861665164,63.9573040405677,63.9529563353957,63.9487552765948,63.9447143556004,63.9407349333797,63.9367053601235,63.9326145652052,63.9285438573027,63.9245614471413,63.9206488585857,2,12.8851426673023,34.2838744580939,54.5059677854314,70.3288784409319,79.001225530284,78.0040427714482,72.3420701473736,67.281881054972,65.0006589911168,65.4355461941988,65.9191468956668,64.4544333835881,61.7686577831446,59.8071483205445,59.8895002807811,61.1401596339233,61.6348208199838,60.634118965422,59.1563290770175,58.6108904663363,34,3.80119368806597,3.66978473549812,3.68940308745762,3.54046189216645,3.28767140905061,3.00403086615002,2.7461667454009,2.5373895447913,2.3768056612163,2.25060999915482,2.14312555963953,2.04724150963473,1.96724735674214,1.9086053528411,1.86830895019932,1.83549582563683,1.80059495358955,1.76331941307477,1.73057210886443,1.70702395940378,19,15.5557143995902,12.7355883648446,10.4264717997179,262.122231274335,679.596173672197,823.205511216583,673.924737112868,551.718244050248,512.875068434593,587.759276315073,684.063821545961,704.143576728042,650.661497573412,589.648462461502,598.782511909572,665.406409505866,713.512629496064,699.253107055926,651.126734357441,627.850143162395,12.8,12.7998724621771,12.7995459434928,12.7989340649659,12.7980837769958,12.7970734208009,12.7960189822838,12.7950158588382,12.7940861589826,12.7932061974534,12.7923372333033,12.7914608081135,12.7905912670791,12.789751055319,12.7889428711201,12.7881469866759,12.7873410720247,12.786522913041,12.7857087714605,12.7849122894283,12.7841297717171,0,0,0,279.800069228936,513.079272622232,294.437252859853,0,0,67.5273841315353,185.23886554382,223.856429961168,159.020029504221,81.8697657002528,62.8582537264799,128.048790258315,193.309285300973,186.207691612935,127.019700550989,86.7981082061773,104.587149740482,151.502913961015
231,230.995827866276,230.984508126643,230.963435748747,230.935004208508,230.903027417534,230.871184215046,230.84115239778,230.812927072661,230.785934022854,230.759359137919,230.732970378229,230.707152918451,230.682272487339,230.658174993711,230.634325175896,230.610306568935,230.586179916185,230.562305727143,230.538882792393,230.515735452189,1,24.8160119826994,66.3532423774832,104.557988192044,128.900806118155,135.719846377698,129.831193598046,121.908892517592,114.991009951751,111.780397023761,111.223913529674,110.0105042466,106.563915943982,102.499514270003,100.176443978622,100.341786898086,101.371230775635,101.166333903861,99.4153837341973,97.6136030698043,97.1876438042161,46,7.25210165227122,7.02965716399794,7.05966313983222,6.76061958979531,6.25567424578622,5.70596295701149,5.22263574936242,4.83108633200617,4.52693498557385,4.28300635417669,4.07348687503418,3.88991961872915,3.74044910872974,3.63174437705799,3.554562308147,3.48875451703956,3.41967659176028,3.34926627943651,3.28920704730535,3.24543029266965,28,22.9240083712969,18.7675903062792,176.245070419288,466.216525058113,602.498721579476,493.208818329728,403.747012116003,330.515323782416,346.336500570474,423.972504103779,477.311197781123,460.305821034635,410.734322030825,387.786901680231,419.220605687804,469.208872862297,485.516889565046,459.305620780844,427.375131452249,426.262194888987,46.2,46.1991655732551,46.1969016253286,46.1926871497494,46.1870008417016,46.1806054835067,46.1742368430093,46.1682304795561,46.1625854145321,46.1571868045708,46.1518718275837,46.1465940756457,46.1414305836901,46.1364544974679,46.1316349987423,46.1268650351792,46.122061313787,46.1172359832369,46.1124611454287,46.1077765584787,46.1031470904378,0,0,177.514248197798,355.229273461214,243.69042931092,0,0,0,83.6029219901061,154.974945755218,143.702046856956,76.7577363763676,37.4192424031334,56.8743733645457,112.285500354678,139.049191598498,111.890336764942,68.237788842299,56.6810197672747,84.2945712527851,115.627922772415
28,27.9992175828749,27.99666103404,27.9919783501685,27.9859559818538,27.9794682306017,27.9730922711956,27.9670279841735,27.9612779596989,27.9557593988978,27.9503799316721,27.9451244658401,27.9400327151135,27.9351195742252,27.9303344935941,27.9255991651865,27.9208692668542,27.9161600373068,27.9115106067689,27.9069306914536,27.9023878361669,1,44.3200486518531,125.546387662861,190.117589517367,221.963596072717,226.162435634106,217.489674483381,206.056108544446,196.147999914343,190.117852791517,186.203331902553,181.393715878457,175.061539547122,169.332614821793,166.249659350537,165.711590416134,165.662330185437,164.278712979284,161.746530871893,159.697364264372,159.232766561983,88,13.8281260338039,13.4912126749779,13.4967079459496,12.8573529899065,11.8574931873074,10.8216842329748,9.91593220432091,9.18256384691438,8.60398216794704,8.13128550319168,7.72641654215637,7.38028242291372,7.10362247033209,6.90097272408097,6.7510179321485,6.61930646825716,6.48506008857071,6.35404263847454,6.24392553206157,6.16111156481882,121,99.0634005824214,81.0981979088453,244.228208153785,382.486836722199,354.271524176798,289.979913632559,237.358565769959,200.276102097816,226.116182989829,281.128989421601,307.757603611933,287.800657817343,256.338682970717,251.005999352061,278.585876938653,309.074910398542,312.779902275516,292.516626368318,275.371555690097,280.463584499245,5.6,5.59984351657498,5.599332206808,5.5983956700337,5.59719119637076,5.59589364612034,5.59461845423912,5.5934055968347,5.59225559193977,5.59115187977957,5.59007598633443,5.58902489316801,5.58800654302271,5.58702391484503,5.58606689871882,5.5851198330373,5.58417385337084,5.58323200746137,5.58230212135379,5.58138613829071,5.58047756723338,0,0,196.238092012805,201.466686313438,45.460667956405,0,0,6.60692648794371,68.6120387890222,105.974870415671,85.6673340005456,39.5922455218009,22.8998406383163,45.4320054776534,80.6807217206804,89.4118741840459,65.9608091468943,40.2544776305558,39.6380333201569,60.7425398427577,77.8541819743787
35,34.9980136532166,34.9912350559674,34.979939169659,34.9663799751203,34.9522520175227,34.9384307694829,34.925215626819,34.9125923383208,34.900448022779,34.8887158895106,34.8773976309599,34.8664887045598,34.8559171819388,34.8455607579466,34.8353204652237,34.8251679583923,34.8151279713078,34.8052191358826,34.7954152923188,34.7856624693896,1,102.755925541573,258.754252619561,356.926218630235,394.588934331857,396.016279913643,381.765017149623,364.325009200921,349.474705218362,337.531010106756,326.234080563877,314.497046906999,303.678053710821,295.883366097896,291.577386628024,289.164469467964,286.567407190941,283.053215444505,279.582234883828,277.445665760784,276.79444450842,120,25.8293978546974,25.4463848522324,25.2404755127941,23.8621245285945,21.9484670660175,20.0371988493708,18.3836307821282,17.0463304862345,15.9735168168126,15.0843684013481,14.329402965752,13.6993069685915,13.2026033369524,12.8336562252869,12.5491464926949,12.2941922808117,12.04198666118,11.8047563970636,11.606836746065,11.4525918191366,159,153.309448146752,146.660668761953,174.069143928922,174.380507894925,143.938460856063,117.795379950234,118.977506780297,146.20801061356,173.515816820808,175.78396491547,157.440837195576,143.176733022947,150.958619681556,171.781175102774,185.953114780377,182.666749155668,169.564102742994,162.91952999082,169.840235718993,182.387547243215,7,6.99960273064332,6.99824701119347,6.9959878339318,6.99327599502406,6.99045040350454,6.98768615389657,6.9850431253638,6.98251846766416,6.9800896045558,6.97774317790212,6.97547952619198,6.97329774091195,6.97118343638776,6.96911215158931,6.96706409304474,6.96503359167846,6.96302559426155,6.96104382717653,6.95908305846375,6.95713249387792,25.5311890541268,23.3580207602842,59.6304845423717,35.2319330262137,1.35898546584893,0,24.9127984639205,53.8929930559196,59.4328662038344,37.2705287880855,14.9777268407667,15.8018921507681,37.2706553566615,53.2190538664723,50.0507671797073,33.6239513146723,22.1327198296598,26.6338306558473,40.2715521213876,47.8665204659087,42.5173763701961
41,40.9941135775976,40.9764221268999,40.951013372971,40.922686592483,40.8941220659248,40.8664914417333,40.8401589235789,40.8150839583078,40.7910929528808,40.7680338962214,40.7458085781674,40.7243236373961,40.7034464458248,40.683008175268,40.6628629774184,40.642939382743,40.6232319594597,40.60374465969,40.5844447983979,40.5652696116745,5,273.871325754732,538.333907005218,663.784405181195,697.268246264488,686.209447351352,657.883166554959,626.524551809501,598.432400745377,574.559215358615,553.550215370572,534.558641488356,518.180740618309,505.596734528427,497.134015515156,491.448281406529,486.546861445092,481.398271158792,476.491927400261,472.874347073467,470.828748974787,169,45.9343159832034,45.4888770125419,44.2502013610233,41.3029125317036,37.8052614738525,34.4992914322072,31.68569046846,29.4029297679726,27.5632156269415,26.0531150581854,24.7941369199653,23.7502807279383,22.9173134441036,22.2825304448365,21.7830713006004,21.3395046787375,20.9103934615294,20.5087885250109,20.166736636524,19.8906151861058,233,190.734895794367,156.086891665508,127.70597658013,104.477060567533,85.4726784069718,69.9268996044049,72.7470259586605,89.9797940284763,104.937920636202,104.647557062353,93.7339711234303,86.6936327343605,92.4167900314383,104.478864724567,111.713403719312,109.171841703481,102.043916555956,99.15931435804,103.534134042102,110.272716437867,8.2,8.19882271551951,8.19528442537998,8.19020267459421,8.1845373184966,8.17882441318496,8.17329828834666,8.16803178471578,8.16301679166157,8.15821859057616,8.15360677924428,8.14916171563349,8.14486472747921,8.14068928916497,8.1366016350536,8.13257259548368,8.1285878765486,8.12464639189194,8.12074893193799,8.11688895967959,8.11305392233491,0,0,0,0,0,0,17.1477105324337,33.6183413122901,34.5632512478944,20.7326030074171,8.94770350021006,11.0313516223095,23.7040419237248,31.8465999902803,28.9370784384899,19.5981854753705,14.0263092971125,17.2793329000253,24.7119871010338,28.1975850861081,24.8322061740288
37,36.9807930435867,36.9426144583837,36.89836045724,36.8534825858667,36.8100798680974,36.7687892504051,36.7296395906795,36.6924308164986,36.6568978388475,36.6227779294936,36.5898354788871,36.5578678867885,36.5266906381959,36.4961093641466,36.465960182123,36.4361528570778,36.4066603623881,36.3774664646819,36.3485254240078,36.3197688347783,7,845.278070619914,1150.83375144574,1226.97342319735,1209.79746885659,1159.41103550536,1101.56473848214,1046.62227411261,998.172081812794,956.915752966462,922.406544488996,893.812551272296,870.281369432266,851.947706283044,838.781956102416,829.209128613885,821.070195821627,813.251798721278,806.179005287995,800.797698307705,797.282027801738,97,78.916263891088,75.5677493764776,70.097008287027,63.7644296129727,57.8291240744392,52.7688966257843,48.6289947264368,45.2908851278093,42.6010503685197,40.4194395384256,38.6321837277515,37.152748490089,35.9544829694861,35.0104441484569,34.239191382,33.5461121743918,32.8849519232942,32.2712859811182,31.7386871940116,31.2894870953158,530,433.68495082847,354.668522522914,289.994520377381,237.10867483123,193.875690468346,158.535343310738,129.645129904476,106.025709265632,86.7136861279104,70.9222020839859,58.0085265006091,47.9590653146611,51.6459433988724,63.7052562456552,71.6540540114861,69.1060637308649,61.0598121011566,57.0622939607743,60.84634611507,67.6201148593906,7.4,7.39615860871733,7.38852289167675,7.379672091448,7.37069651717333,7.36201597361949,7.35375785008101,7.3459279181359,7.33848616329973,7.3313795677695,7.32455558589871,7.31796709577741,7.31157357735771,7.30533812763918,7.29922187282933,7.29319203642461,7.28723057141556,7.28133207247762,7.27549329293638,7.26970508480157,7.26395376695566,0,0,0,0,0,0,0,0,0,0,0,0.564620765926263,13.7066551651979,23.6882658695017,21.5731609352913,11.5829651967246,5.00145198499293,7.8535406900419,15.6394050445091,19.6992703696609,16.6096033644457
2529,2497.35643782124,2471.46914261206,2450.28947532669,2432.95827197303,2418.77453285571,2407.16586096239,2397.66441780206,2389.88758654213,2383.52233427492,2378.3125022991,2374.04844517781,2370.55857041638,2367.70242361694,2365.3650336741,2363.45228682878,2361.887141551,2360.60653095895,2359.55882762691,2358.70176852305,2358.0007564746,2,2.64127123453275,3.03387263146681,3.25697319425758,3.36587250237174,3.39684481995236,3.37413937741328,3.31443683404626,3.22948917584455,3.12772328566463,3.0152558590211,2.89656052764082,2.77492037973455,2.65274296916002,2.53178440627043,2.41331172834905,2.2982224034713,2.18713345716012,2.08044868409601,1.97840979727696,1.88113563901003,136,112.91352265424,88.0951306480158,72.5076473141972,63.0341403556963,56.9639317297981,52.8034928109244,49.7707109642952,47.4426902058632,45.5784186778182,44.0331539976609,42.7158678693827,41.5669982753578,40.5461971881845,39.6252673373793,38.7839335878286,38.007231518749,37.2838517242928,36.6050651553387,35.9640100448356,35.3552083912573,334,273.443616354686,223.868411344619,183.282359738736,150.054926762836,122.851638683506,100.580178382819,82.3463595320477,67.4181517339399,55.1962584107094,45.1900418115355,36.9978184351435,30.2907294602485,24.799536690682,20.3038129947841,16.6230928133138,13.6096272222032,11.1424525652246,9.12253446504811,7.46879222519154,6.1148439973021,471,471,471,471,471,471,471,471,471,471,471,471,471,471,471,471,471,471,471,471,471,0,0,0,0,0,0,0,0,0,0,0,0,0,0,0,0,0,0,0,0,0
208,207.986614917533,207.976182243652,207.967353397726,207.959492058796,207.952272556871,207.945514382065,207.939109941555,207.932990879749,207.927111278927,207.92143873526,207.915949353836,207.910624812984,207.905450577595,207.900414776982,207.895507479742,207.890720212157,207.886045629399,207.881477284617,207.877009461971,207.872637052369,6,6.07042248101505,6.04726012737192,5.95708157726292,5.81910626700471,5.64769085263741,5.45371483369685,5.24546408629256,5.02924669877778,4.80984509334866,4.59085770427144,4.37496144169819,4.16411525404879,3.95971895469573,3.762737629499,3.57379934049611,3.39327199220297,3.22132386975185,3.05797134083412,2.90311644042255,2.75657646429425,232,166.174815596735,132.340031694094,113.150000731053,101.22493706632,93.207434483508,87.4531825762588,83.0958792728639,79.6479691193632,76.8191965170806,74.4284872005497,72.3583314244843,70.5298006414717,68.888209666919,67.3945714700157,66.0203453318175,64.7441243649623,63.5494976481033,62.4236404136036,61.3563644998952,60.3394649791905,187,153.09169857178,125.333903519489,102.609891886855,84.0063564401915,68.7759443494559,56.3069560239149,46.09866624915,37.7411678153621,30.8988890248958,25.2971080356864,20.7109161912547,16.9561843289132,13.8821679744091,11.365453814605,9.30500402178889,7.61809924958991,6.23701729121799,5.10631397681381,4.18059709476432,3.42270393338904,41.6,41.5973229835065,41.5952364487304,41.5934706795451,41.5918984117591,41.5904545113743,41.589102876413,41.5878219883109,41.5865981759498,41.5854222557855,41.584287747052,41.5831898707673,41.5821249625968,41.581090115519,41.5800829553964,41.5791014959485,41.5781440424313,41.5772091258799,41.5762954569234,41.5754018923943,41.5745274104738,0,0,0,0,0,0,0,0,0,0,0,0,0,0,0,0,0,0,0,0,0
36,35.9972006615238,35.9947289415572,35.9924865018468,35.990411394987,35.9884635912428,35.9866164820755,35.9848518312741,35.9831567339204,35.981521757319,35.9799397860216,35.978405291707,35.9769138629552,35.9754618963126,35.9740463889584,35.9726647963752,35.9713149322819,35.9699948965147,35.968703021728,35.9674378330194,35.96619801662,11,10.4557745692162,9.9265041858103,9.41530312434876,8.92409385321577,8.45400031318386,8.00558629001628,7.57900984764741,7.17412966148042,6.7905819812962,6.42783844788473,6.08525064823451,5.7620850060702,5.45755034751667,5.17081975630112,4.90104789043069,4.64738464619105,4.40898585964404,4.18502159513133,3.97468246490857,3.77718434251999,246,210.76785950507,187.095452511976,170.596544265994,158.647942774391,149.656443431051,142.637587700114,136.971402325145,132.259299756857,128.239277811981,124.735032992685,121.625009472764,118.823302069813,116.267694913383,113.912051396512,111.721393083824,109.668662958157,107.732558201852,105.896051490978,104.145361714409,102.469222272648,187,153.089457984547,125.329516422321,102.604054108619,83.9997365930316,68.7690516734523,56.300142887924,46.0921603267475,37.7351049553417,30.8933400927129,25.2920992655602,20.7064441163135,16.9522265253749,13.8786906770531,11.362417230901,9.30236597001567,7.61581758626822,6.23505147134923,5.104625999187,4.17915201680115,3.42147008980513,7.2,7.19944013230476,7.19894578831145,7.19849730036935,7.19808227899739,7.19769271824855,7.1973232964151,7.19697036625482,7.19663134678409,7.19630435146379,7.19598795720433,7.1956810583414,7.19538277259105,7.19509237926252,7.19480927779167,7.19453295927503,7.19426298645637,7.19399897930293,7.19374060434559,7.19348756660387,7.19323960332401,0,0,0,0,0,0,0,0,0,0,0,0,0,0,0,0,0,0,0,0,0
14,13.9986883803551,13.9974524057915,13.9962786814018,13.9951571845105,13.9940803005011,13.993042149828,13.9920381166293,13.9910645169662,13.9901183638514,13.9891971994798,13.9882989742425,13.9874219584309,13.986564676908,13.9857258600298,13.9849044061704,13.9840993526245,13.9833098526427,13.9825351570218,13.9817745991386,13.9810275826327,12,11.2945804907477,10.6372668906355,10.0250279258329,9.4548769416511,8.92393198421853,8.4294483940383,7.9688347777673,7.53965887581056,7.13964728430045,6.76668146861954,6.41879158984127,6.09414910622444,5.7910587648359,5.50795037923352,5.24337064830881,4.99597517932932,4.76452081711724,4.54785834022857,4.34492555714508,4.15474081652178,290,271.929188546194,257.470089562661,245.664766683372,235.834364489175,227.494358256693,220.29589254873,213.985175860594,208.375360098039,203.327045427162,198.734740002761,194.517428954826,190.611978605517,186.968497482587,183.547049127911,180.315300439039,177.2468193753,174.319825397595,171.51625754197,168.821067246676,166.221671978552,151,123.615533732399,101.197959228656,82.8462020636255,67.8227273564649,55.5238319041535,45.4553433740354,37.2127381499542,30.4648718933815,24.9406649092357,20.4182048132562,16.7158271202322,13.684814439229,11.2034203557099,9.17197752463351,7.50889319667783,6.14737114050895,5.03272816318201,4.12019735495651,3.37312976249592,2.76152221666137,2.8,2.79973767607102,2.7994904811583,2.79925573628037,2.7990314369021,2.79881606010023,2.79860842996561,2.79840762332586,2.79821290339324,2.79802367277027,2.79783943989596,2.79765979484851,2.79748439168619,2.79731293538159,2.79714517200596,2.79698088123407,2.7968198705249,2.79666197052855,2.79650703140436,2.79635491982771,2.79620551652654,0,0,0,0,0,0,0,0,0,0,0,0,0,0,0,0,0,0,0,0,0
2,1.9997706172138,1.999547375588,1.99932984899337,1.99911764223623,1.99891039306981,1.99870777245885,1.99850948365373,1.99831526048933,1.99812486521536,1.99793808608089,1.99775473483261,1.9975746442375,1.99739766570449,1.99722366705258,1.99705253045289,1.99688415055792,1.99671843282066,1.99655529199973,1.99639465084144,1.99623643892719,6,5.81703513561744,5.64056482298513,5.47054389177359,5.30687582637316,5.14942688504584,4.99803703289118,4.85252834872592,4.71271144900091,4.57839036626839,4.44936622946692,4.32544001879486,4.20641460785299,4.09209625804,3.98229569275146,3.8768288497878,3.77551738780995,3.67818900526957,3.58467761683554,3.49482342202634,3.4084728928271,379,368.727658855033,359.185258034387,350.32356592558,342.088068436022,334.42250795105,327.271335145914,320.5813449106,314.302706329372,308.389548420591,302.800225507406,297.497356505909,292.447709363322,287.621983980305,282.994533114021,278.543050111556,274.248244176287,270.093517675809,266.064655326943,262.149531600313,258.337840105644,77,63.034282370121,51.6017432098098,42.2428589856331,34.5814746120496,28.3096761156523,23.1754086800993,18.9723417387342,15.5315732434316,12.7148392838311,10.4089558357372,8.52126901889003,6.97593083941921,5.71085061615952,4.67519948117405,3.82736759891388,3.13329196211265,2.56508752958134,2.09992667204167,1.71912187843212,1.40737484887997,0.4,0.39995412344276,0.3999094751176,0.399865969798674,0.399823528447246,0.399782078613962,0.39974155449177,0.399701896730745,0.399663052097867,0.399624973043072,0.399587617216178,0.399550946966523,0.399514928847501,0.399479533140899,0.399444733410515,0.399410506090579,0.399376830111585,0.399343686564133,0.399311058399946,0.399278930168289,0.399247287785438,0,0,0,0,0,0,0,0,0,0,0,0,0,0,0,0,0,0,0,0,0
14,13.9977966979,13.9956376154613,13.9935196194996,13.9914400601895,13.9893966923843,13.9873876087348,13.9854111830065,13.9834660221821,13.9815509261114,13.9796648536259,13.9778068941777,13.9759762441875,13.9741721873958,13.9723940786068,13.9706413302972,13.968913401638,13.9672097895385,13.9655300213805,13.9638736491597,13.9622402447945,4,3.9510400098028,3.90022185188507,3.84825867844184,3.79570629046439,3.74299715667274,3.69046676328979,3.63837412404795,3.58691781735625,3.53624857809724,3.48647922108305,3.43769248740635,3.38994726627246,3.34328354079189,3.29772632755165,3.25328881997302,3.20997489970439,3.16778114507844,3.12669843840084,3.08671325262128,3.0478086813452,537,525.879868530148,515.603504635584,506.038716865549,497.074781031081,488.61921973571,480.595021427004,472.938246790789,465.595974526558,458.524543095597,451.688049594734,445.057071283331,438.607579371348,432.320018410002,426.178527997264,420.170286523332,414.284959354288,408.514236209912,402.851444562078,397.291227691509,391.829277620793,111,90.863318753908,74.3799228612091,60.8869550548356,49.8418437843162,40.8004711602712,33.3993046938328,27.3407728058401,22.3812949822687,18.321484523309,14.9981294218879,12.2776285651135,10.0506190814187,8.22757862919712,6.73522567867111,5.51357296321785,4.51351556608354,3.69485662392132,3.02469123743872,2.47608359137303,2.02698408170485,2.8,2.79955933958,2.79912752309225,2.79870392389992,2.7982880120379,2.79787933847686,2.79747752174697,2.7970822366013,2.79669320443641,2.79631018522228,2.79593297072518,2.79556137883554,2.7951952488375,2.79483443747917,2.79447881572136,2.79412826605943,2.79378268032759,2.79344195790769,2.7931060042761,2.79277472983195,2.7924480489589,0,0,0,0,0,0,0,0,0,0,0,0,0,0,0,0,0,0,0,0,0
28,27.9944463054373,27.9889478345885,27.9835071264929,27.9781262248535,27.9728067377359,27.9675498910355,27.9623565763171,27.9572273935654,27.9521626893373,27.9471625907572,27.9422270357575,27.9373557999322,27.9325485203395,27.9278047165631,27.9231238093136,27.9185051368278,27.9139479692973,27.9094515215388,27.9050149640947,27.9006374329337,3,2.99484354017066,2.9885281185664,2.98133194848156,2.97348025448181,2.96515456523153,2.95650051231354,2.94763433704711,2.93864829242438,2.92961510866933,2.92059167107996,2.91162203928677,2.9027399187481,2.89397067866919,2.88533299576632,2.87684019040948,2.86850131057645,2.86032200958863,2.85230525560069,2.84445190410172,2.83676115908287,686,679.461630722353,672.571861982925,665.395413763031,657.989360247649,650.403914733878,642.683141879458,634.865603017798,626.984940037975,619.070403039188,611.147326647507,603.2375595474,595.359851444755,587.530201350279,579.762170757766,572.06716499391,564.454685736963,556.9325574411,549.507130162042,542.183461056557,534.965476623486,53,43.3832302587993,35.5114848284401,29.0681070204564,23.7939024878001,19.4767119053762,15.9428757152183,13.0502476626655,10.6824761137196,8.74432311883786,7.15783292004258,5.85919576153385,4.79618083082468,3.92603505116108,3.21376318652745,2.63072006105222,2.15345825179548,1.76278489259744,1.44298964023213,1.18121274092525,0.966927772367009,5.6,5.59888926108747,5.5977895669177,5.59670142529857,5.59562524497071,5.59456134754717,5.5935099782071,5.59247131526343,5.59144547871309,5.59043253786747,5.58943251815144,5.5884454071515,5.58747115998644,5.5865097040679,5.58556094331262,5.58462476186273,5.58370102736556,5.58278959385945,5.58189030430776,5.58100299281893,5.58012748658674,0,0,0,0,0,0,0,0,0,0,0,0,0,0,0,0,0,0,0,0,0
113,112.970807708437,112.942118875584,112.913915325514,112.886179811806,112.858895993681,112.832048405774,112.805622423758,112.779604227358,112.753980761868,112.728739698982,112.703869397545,112.679358864739,112.655197718078,112.631376148527,112.607884884965,112.584715160164,112.561858678383,112.539307584633,112.517054435637,112.495092172457,3,3.05170532122033,3.09556064869936,3.13300017774348,3.16517797645618,3.19302361458052,3.21728664370593,3.23857217686693,3.25736936129803,3.27407417515445,3.28900768937997,3.30243070497205,3.31455549184843,3.3255552088672,3.33557146769447,3.34472041008251,3.35309759387829,3.36078192387512,3.36783881638384,3.37432274869588,3.3802793145001,909,893.081511200311,877.758239188634,862.996748016487,848.765070791671,835.032803057732,821.771141215449,808.952882813516,796.552400643467,784.545599136756,772.909859134187,761.623975373431,750.668089808605,740.023622990828,729.67320509932,719.600607748312,709.790677356189,700.229270615205,690.903192417739,681.800136460964,672.90862865314,139,113.771113659813,93.1217938165356,76.2206582280937,62.3872756506376,51.0647538289275,41.7973063280075,34.2118936971708,28.0031988223613,22.9213308118053,18.7617618039103,15.3570911306019,12.5703049493688,10.2892597481803,8.42216746297766,6.8939003189189,5.64296654317262,4.61903513183184,3.78090997711143,3.09487176581602,2.53332087631337,22.6,22.5941615416874,22.5884237751167,22.5827830651028,22.5772359623612,22.5717791987361,22.5664096811548,22.5611244847516,22.5559208454715,22.5507961523736,22.5457479397964,22.5407738795089,22.5358717729477,22.5310395436157,22.5262752297055,22.521576976993,22.5169430320328,22.5123717356765,22.5078615169266,22.5034108871274,22.4990184344914,0,0,0,0,0,0,0,0,0,0,0,0,0,0,0,0,0,0,0,0,0
3,2.99920135119699,2.99840955926842,2.99762468937794,2.99684679541916,2.99607592119838,2.99531210144173,2.99455536266061,2.99380572390167,2.99306319740189,2.99232778916536,2.99159949947456,2.99087832334683,2.99016425094441,2.989457267945,2.98875735587857,2.9880644924352,2.98737865174785,2.98669980465351,2.98602791893533,2.98536295954802,3,3.03172264476498,3.05851455183222,3.08123737139189,3.10059290939194,3.11715282681285,3.13138285945946,3.14366255788032,3.15430136794475,3.16355172460711,3.17161970940155,3.17867372188098,3.18485153284235,3.19026601964965,3.19500982867047,3.19915916461088,3.20277686956803,3.20591492443287,3.20861648064,3.21091751016934,3.2128481453251,942,934.061392651134,926.047374249968,917.969356461152,909.837751285329,901.662106614689,893.45121414887,885.213196517325,876.955578576891,868.685346526683,860.40899753741,852.132581913097,843.861739310634,835.601730181856,827.357463336096,819.133520321889,810.934177176211,802.763423975258,794.624982532834,786.522322524363,778.458676261381,91,74.4826058663598,60.963430968821,49.8982158052962,40.8415033524006,33.4287022096405,27.3614061419922,22.3953788195619,18.3307198852519,15.0038163283518,12.280755040721,10.0519312778186,8.22763590892824,6.73444375902151,5.51225760626302,4.51188880346408,3.69307710223516,3.02286994552971,2.4742959700472,2.02527930758423,1.65775097105181,0.6,0.599840270239398,0.599681911853685,0.599524937875588,0.599369359083833,0.599215184239676,0.599062420288345,0.598911072532122,0.598761144780334,0.598612639480378,0.598465557833072,0.598319899894912,0.598175664669366,0.598032850188882,0.597891453589,0.597751471175714,0.59761289848704,0.59747573034957,0.597339960930703,0.597205583787066,0.597072591909604,0,0,0,0,0,0,0,0,0,0,0,0,0,0,0,0,0,0,0,0,0
0,0,0,0,0,0,0,0,0,0,0,0,0,0,0,0,0,0,0,0,0,5,4.98218416640884,4.96077175443242,4.93653002895522,4.91007803088814,4.88191505878717,4.85244368399317,4.82198834594975,4.7908103750034,4.75912012820123,4.72708679245259,4.69484630320362,4.66250774081013,4.63015849725973,4.59786844967213,4.56569333156458,4.53367745614816,4.50185591625356,4.47025636151942,4.43890043411935,4.40780492866965,999,986.18560564559,973.575361002187,961.167245460001,948.95887104965,936.947581374209,925.130527374707,913.504725599499,902.067103161962,890.814532500813,879.743858280293,868.851918198369,858.135559050712,847.591649084984,837.217087444691,827.008811323639,816.96380131602,807.079085342723,797.351741453585,787.778899742473,778.357743562884,74,60.5673147955544,49.5731628824612,40.5748216447083,33.2099533510604,27.182008303743,22.2482788556478,18.2101228333816,14.9049623578877,12.1997356218404,9.98553774971947,8.17323479428618,6.68987414487232,5.47574672008565,4.48198258450511,3.66858312482103,3.00281051237488,2.45786957542051,2.01182898605894,1.6467383086466,1.34790534721564,0,0,0,0,0,0,0,0,0,0,0,0,0,0,0,0,0,0,0,0,0,0,0,0,0,0,0,0,0,0,0,0,0,0,0,0,0,0,0,0,0,0
0,0,0,0,0,0,0,0,0,0,0,0,0,0,0,0,0,0,0,0,0,0,0.0280265856932119,0.0546506115511933,0.0800977167506053,0.104551106987339,0.128159595038343,0.151044117889789,0.173303018773203,0.195016327996438,0.2162492322418,0.237054886119217,0.257476690648828,0.277550139733605,0.297304316534046,0.316763106131856,0.335946178284065,0.354869783867708,0.373547400347081,0.39199025489481,0.410207748367692,0.428207798937781,751,743.619475766349,736.32644125329,729.120597473442,722.00153309063,714.968746809548,708.021665091644,701.159656254995,694.382041757508,687.688105272495,681.077100024263,674.548254745324,668.100778536687,661.733864851613,655.446694776246,649.238439744256,643.108263794379,637.055325457589,631.078779343261,625.177777479897,619.351470455083,31,25.3748853383537,20.7705235015358,17.001676368229,13.9167230346372,11.3915586067307,9.32460036431716,7.63270029719861,6.24779949934021,5.11418976935218,4.18627220708191,3.42672260081675,2.80498977295654,2.29606645324292,1.87948321727028,1.5384850056392,1.25935708717232,1.03087334390377,0.843844678188537,0.690749371414485,0.565430521625537,0,0,0,0,0,0,0,0,0,0,0,0,0,0,0,0,0,0,0,0,0,0,0,0,0,0,0,0,0,0,0,0,0,0,0,0,0,0,0,0,0,0
0,0,0,0,0,0,0,0,0,0,0,0,0,0,0,0,0,0,0,0,0,5,4.98749230805254,4.97333135091031,4.95785154480285,4.94132424843741,4.9239696299647,4.90596630185421,4.88745914272691,4.86856564688737,4.84938107847623,4.82998265520584,4.81043294437731,4.79078261951913,4.77107269807071,4.75133635785947,4.73160041170815,4.71188650456217,4.69221208539358,4.67259119629171,4.65303511315878,4.63355286594389,562,557.531878747087,553.128358277336,548.789030753779,544.513302967708,540.300443728363,536.149619821843,532.059923483798,528.030393515798,524.060031599603,520.14781495388,516.292706183825,512.493660961358,508.749634018153,505.05958381921,501.422476199577,497.837287182898,494.30300515213,490.818632505871,487.383186905384,483.995702195432,61,49.9339152391599,40.8753979944243,33.4602321806773,27.3902804437621,22.4214952785397,18.3541054051172,15.0245827110737,12.2990666854099,10.0679818921927,8.24163201666111,6.74659329421254,5.52276228320281,4.52093925917842,3.70085004961745,3.02952676099833,2.47998228330946,2.03012527151685,1.66187197423329,1.36041919585725,1.11364915816704,0,0,0,0,0,0,0,0,0,0,0,0,0,0,0,0,0,0,0,0,0,0,0,0,0,0,0,0,0,0,0,0,0,0,0,0,0,0,0,0,0,0
0,0,0,0,0,0,0,0,0,0,0,0,0,0,0,0,0,0,0,0,0,0,0.0150044573369247,0.0288744722933128,0.0418058233236846,0.0539587812353705,0.0654645445526774,0.0764305124597199,0.0869446041708673,0.0970787963965036,0.106892019897837,0.116432530858049,0.125739852009721,0.134846361372292,0.143778592419761,0.152558297979547,0.16120332071262,0.169728305274354,0.178145280901457,0.186464137962627,0.194693017743482,0.202838631240736,363,362.50918996064,361.997974471866,361.46736198956,360.918236584967,360.351385250417,359.767518194069,359.167284084598,358.55128162319,357.920068417801,357.274167855585,356.614074474708,355.940258200073,355.253167710613,354.55323313681,353.840868237262,353.116472166945,352.380430923264,351.633118536227,350.874898054308,350.106122366386,63,51.5744529949874,42.2210252152987,34.5639194439503,28.2954927588716,23.1638961054498,18.9629555512654,15.5238886725132,12.7085232533144,10.4037458389629,8.51695709718073,6.97235139298597,5.70787109804047,4.67271326483731,3.8252884890178,3.1315499511322,2.5636255022362,2.09869783341412,1.71808773683688,1.40650362577239,1.15142716091364,0,0,0,0,0,0,0,0,0,0,0,0,0,0,0,0,0,0,0,0,0,0,0,0,0,0,0,0,0,0,0,0,0,0,0,0,0,0,0,0,0,0
0,0,0,0,0,0,0,0,0,0,0,0,0,0,0,0,0,0,0,0,0,3,3.00937331039348,3.01532954321097,3.01850932543228,3.01943469570395,3.01853098750071,3.01614470056091,3.01255808591641,3.0080010426315,3.00266081790036,2.99668991370087,2.99021253009991,2.98332981511087,2.97612414157577,2.968662591035,2.96099979140087,2.95318022815644,2.94524012667551,2.93720898520133,2.9291108232925,2.92096519853422,396,393.942770025237,391.891996703141,389.850369453412,387.819857634399,385.801904240519,383.797564036125,381.807602899058,379.832569905421,377.872850119465,375.928703617147,374.000294604064,372.087713341587,370.190992802839,368.310121430111,366.445052981056,364.595714180866,362.762010706197,360.943831890015,359.14105443809,357.353545376355,173,141.623470077862,115.93768690204,94.9105088014961,77.6969981262058,63.6054667915282,52.0696804456852,42.6261042061284,34.8952755223843,28.5665555857825,23.3856464851847,19.1443724588123,15.6723145824036,12.8299627200022,10.5031095392191,8.59826130841456,7.03888105501739,5.76231311435082,4.71726548123485,3.86174879277672,3.16138912104238,0,0,0,0,0,0,0,0,0,0,0,0,0,0,0,0,0,0,0,0,0,0,0,0,0,0,0,0,0,0,0,0,0,0,0,0,0,0,0,0,0,0
0,0,0,0,0,0,0,0,0,0,0,0,0,0,0,0,0,0,0,0,0,0,0.00561241053912042,0.0110458766199314,0.0163405746066012,0.0215292724296491,0.0266386844291278,0.031690578663891,0.0367026818556543,0.0416894189120542,0.0466625172401784,0.0516315005524688,0.0566040923595386,0.061586545657837,0.0665839123053323,0.0716002631134036,0.0766388676679212,0.0817023412451486,0.086792764841586,0.0919117832363352,0.0970606851051111,0.102240468469965,259,258.439134565673,257.876529012857,257.312353825609,256.746756994782,256.179868548462,255.611804051942,255.042667333274,254.4725526213,253.901546233943,253.329727919332,252.757171926839,252.183947866536,251.610121401852,251.035754810004,250.460907437092,249.885636068942,249.309995234294,248.734037453503,248.157813443242,247.581372285594,18,14.7360373674116,12.0639351370868,9.87636981081289,8.08547918732246,6.61933337444293,5.41904572757988,4.43640767358734,3.63195242141908,2.97336978755934,2.43420846703282,1.9928136262507,1.63145714580359,1.33562557920963,1.09343722836801,0.895164922498902,0.732845332971933,0.59995913216671,0.491169149977711,0.402106011062221,0.32919264300005,0,0,0,0,0,0,0,0,0,0,0,0,0,0,0,0,0,0,0,0,0,0,0,0,0,0,0,0,0,0,0,0,0,0,0,0,0,0,0,0,0,0
0,0,0,0,0,0,0,0,0,0,0,0,0,0,0,0,0,0,0,0,0,2,2.02602483155956,2.05165949388619,2.07695713036522,2.1019611733504,2.12670712881173,2.15122403311442,2.17553564210009,2.19966140162431,2.22361723969491,2.24741621299119,2.27106903452677,2.29458450430417,2.31796986079465,2.34123106780023,2.36437304857834,2.38739987692598,2.41031493313712,2.43312103129199,2.4558205231493,2.47841538294299,229,228.228026548546,227.461373075116,226.700120377688,225.944319087431,225.193996548259,224.449162029899,223.709810713442,222.975926763834,222.247485716597,221.524456344642,220.806802127368,220.094482412966,219.387453342223,218.685668585627,217.989079933397,217.297637769018,216.611291450056,215.929989614867,215.253680429868,214.582311788996,26,21.2855486087782,17.4259489072665,14.2661935562819,11.6793822954381,9.561625335167,7.82787091253341,6.40848943205447,5.24647700001095,4.29516603781146,3.51635102603043,2.87875410378495,2.35676889781006,1.92943213016906,1.57958170181496,1.2931674386341,1.05868681795788,0.86672301308344,0.709566702702656,0.58090645634803,0.475575261142732,0,0,0,0,0,0,0,0,0,0,0,0,0,0,0,0,0,0,0,0,0,0,0,0,0,0,0,0,0,0,0,0,0,0,0,0,0,0,0,0,0,0
1,0.999946453487674,0.999892948443179,0.999839486299782,0.999786068299709,0.999732695531622,0.999679368960099,0.999626089448978,0.999572857779919,0.999519674667248,0.999466540769855,0.999413456700761,0.999360423034823,0.999307440314947,0.999254509057084,0.99920162975425,0.999148802879754,0.999096028889773,0.999043308225427,0.998990641314454,0.998938028572569,15,14.9772688929258,14.9540736186838,14.9305068549253,14.9066444292052,14.8825483751981,14.8582694360734,14.8338491145306,14.8093213512651,14.7847138989986,14.760049447149,14.7353465423015,14.7106203414917,14.6858832286255,14.6611453188723,14.6364148713721,14.6116986269072,14.5870020841726,14.562329725802,14.5376852032838,14.5130714882381,158,157.927262376109,157.850035528065,157.768845072813,157.684107676388,157.596156409398,157.505259661518,157.41163538895,157.315461947655,157.216886404227,157.116030964817,157.012997986241,156.907873908846,156.800732362066,156.691636629925,156.580641617574,156.467795426193,156.35314061861,156.236715239378,156.118553638972,155.998687141141,53,43.3901643944198,35.5227634154003,29.081862262272,23.8088108656857,19.4918571120398,15.9576433834814,13.0642449329339,10.6954705305297,8.75619650801991,7.16854682682385,5.86876576988968,4.80465767181484,3.93349087269424,3.22028172336319,2.63638973171723,2.15836743451411,1.76701880825796,1.44662840721503,1.18433027261558,0.969591269979902,0.2,0.199989290697535,0.199978589688636,0.199967897259956,0.199957213659942,0.199946539106324,0.19993587379202,0.199925217889796,0.199914571555984,0.19990393493345,0.199893308153971,0.199882691340152,0.199872084606965,0.199861488062989,0.199850901811417,0.19984032595085,0.199829760575951,0.199819205777955,0.199808661645085,0.199798128262891,0.199787605714514,0,0,0,0,0,0,0,0,0,0,0,0,0,0,0,0,0,0,0,0,0
0,0,0,0,0,0,0,0,0,0,0,0,0,0,0,0,0,0,0,0,0,2,1.99860868787337,1.9971233007387,1.99556127421366,1.9939368516828,1.99226166877893,1.99054523089025,1.98879530325829,1.98701822965797,1.98521919272862,1.98340242663532,1.98157139078666,1.97972891173867,1.97787729910992,1.97601844026652,1.97415387766492,1.97228487202836,1.9704124539515,1.9685374660526,1.96666059740456,1.96478241165903,164,163.616625730213,163.233727968049,162.851363900284,162.469580276053,162.088415590537,161.70790177655,161.328065524539,160.94892931942,160.570512259743,160.192830708212,159.815898810564,159.439728911027,159.064331886047,158.6897174131,158.315894187715,157.942870099008,157.570652371902,157.199247682488,156.828662251703,156.458901921471,12,9.82429319129332,8.04306229386438,6.58478498444857,5.39090666402476,4.41348927186179,3.6132863956018,2.95816738498043,2.42182719083184,1.98273012414875,1.62324512286928,1.32893780391355,1.08799087358071,0.890729623537758,0.729233459248928,0.597017862244796,0.488774015830439,0.400155639246402,0.327604470899538,0.26820739318954,0.219579461987264,0,0,0,0,0,0,0,0,0,0,0,0,0,0,0,0,0,0,0,0,0,0,0,0,0,0,0,0,0,0,0,0,0,0,0,0,0,0,0,0,0,0
0,0,0,0,0,0,0,0,0,0,0,0,0,0,0,0,0,0,0,0,0,1,0.998697625560745,0.9973704988157,0.996023993215262,0.994662493340654,0.99328957671504,0.99190816217125,0.99052063093407,0.989128925439011,0.987734629983759,0.986339036553935,0.984943198549624,0.983547974637308,0.982154064542603,0.980762038265245,0.979372359925366,0.977985407227793,0.976601487349696,0.975220849908858,0.973843697549072,0.972470194580495,121,120.691417837786,120.38447814736,120.079186230915,119.775546439179,119.473562269995,119.173236467146,118.874571113386,118.577567714698,118.282227274718,117.988550359323,117.696537152011,117.406187500948,117.117500958701,116.830476815631,116.545114127893,116.26141174087,115.979368308775,115.698982311067,115.420252066218,115.143175743274,6,4.91221272955048,4.02163934056982,3.29252524326417,2.6955981154712,2.20689267233324,1.80678850481261,1.47922235765469,1.21104322093388,0.991484343100049,0.81173096768485,0.664566438999857,0.544082468561151,0.445441929933162,0.364684658620539,0.298568460222026,0.244438943615293,0.200122953218956,0.163841321840955,0.134137441310454,0.10981878314629,0,0,0,0,0,0,0,0,0,0,0,0,0,0,0,0,0,0,0,0,0,0,0,0,0,0,0,0,0,0,0,0,0,0,0,0,0,0,0,0,0,0
283,247.103474628273,217.71452677788,193.653416505846,173.954275500092,157.826334922353,144.622182135878,133.811772075341,124.961150018539,117.715031644595,111.782541102907,106.925534586489,102.949040691186,99.6934338148031,97.0280264183194,94.8458229277448,93.0592246861058,91.5965135423867,90.3989729205507,89.4185308016919,88.6158300031731,0,0.00609127227607453,0.0114018586168623,0.0160731264710093,0.0202208890766884,0.0239400084928245,0.0273081761386767,0.0303890153218956,0.0332346257947286,0.0358876697064732,0.0383830809866204,0.0407494657468687,0.0430102493033335,0.045184615506353,0.0472882758856401,0.0493340993821164,0.051332627897683,0.0532924983428868,0.0552207881265657,0.0571232979670189,0.0590047833916867,78,77.9831285100775,77.9655704325453,77.9478570666964,77.9303898909015,77.9134737028453,77.8973406013913,77.8821675077597,77.8680890930812,77.8552074117682,77.8435991508863,77.8333211376165,77.8244145613651,77.8169082379438,77.8108211527924,77.8061644564073,77.8029430397599,77.8011567849479,77.8008015627672,77.8018700316759,77.8043522799218,23,18.8303963838472,15.4166882659436,12.6218414944385,10.3336644548021,8.46030443516502,6.92656044310456,5.67086446171693,4.64280996547641,3.80112848465874,3.11203299282663,2.54786161702272,2.08596722598385,1.70780832182036,1.39820474140566,1.14472828957603,0.937203842724272,0.767300895915109,0.628199157267483,0.514314765781118,0.421076142352916,17,17,17,17,17,17,17,17,17,17,17,17,17,17,17,17,17,17,17,17,17,0,0,0,0,0,0,0,0,0,0,0,0,0,0,0,0,0,0,0,0,0
91,90.9981462322238,90.9962837311555,90.9944125714371,90.9925328280306,90.9906445761198,90.9887478910171,90.9868428480766,90.9849295226175,90.9830079898568,90.9810783248505,90.979140602445,90.9771948972353,90.9752412835312,90.973279835328,90.9713106262835,90.9693337296994,90.9673492185052,90.9653571652469,90.9633576420765,90.9613507207448,0,0.00208347115264537,0.00415990973610191,0.00623173634306418,0.00830092751628648,0.0103690942463596,0.0124375466389528,0.0145073471825455,0.0165793546215903,0.0186542600883626,0.0207326168565502,0.0228148648402061,0.024901350764198,0.0269923447694128,0.0290880540816675,0.0311886342625494,0.0332941984691248,0.0354048250742201,0.0375205639369682,0.039641441562215,0.0417674653452817,81,81.3813929969048,81.7592152616628,82.1334994954676,82.5042761800592,82.8715739853493,83.2354200941948,83.5958404624573,83.9528600281523,84.3065028802795,84.6567923955412,85.0037513493596,85.347402006232,85.6877661934191,86.0248653611438,86.3587206318474,86.6893528405478,87.0167825679502,87.341030167646,87.6621157884828,87.9800593929878,4,3.27484940060627,2.68115936550582,2.19509782254351,1.79715313103979,1.47135084799051,1.20461248326587,0.98623050330915,0.807438509196118,0.661059335338435,0.541216942952917,0.443100543228703,0.362771481698875,0.297005131820696,0.243161451091443,0.199079003585827,0.162988194781,0.133440235748251,0.109248985194162,0.0894433347734814,0.073228226321903,18.2,18.1996292464448,18.1992567462311,18.1988825142874,18.1985065656061,18.198128915224,18.1977495782034,18.1973685696153,18.1969859045235,18.1966015979714,18.1962156649701,18.195828120489,18.1954389794471,18.1950482567062,18.1946559670656,18.1942621252567,18.1938667459399,18.193469843701,18.1930714330494,18.1926715284153,18.192270144149,0,0,0,0,0,0,0,0,0,0,0,0,0,0,0,0,0,0,0,0,0
0,0,0,0,0,0,0,0,0,0,0,0,0,0,0,0,0,0,0,0,0,0,4.54098797323722e-05,8.33239167027058e-05,0.000115241967746919,0.000142388644572581,0.000165763764185338,0.000186183552159408,0.000204314293661696,0.000220699816494266,0.000235783936703961,0.000249928790090477,0.000263429803704971,0.000276527923210785,0.000289419599091551,0.000302264942496646,0.000315194386217628,0.00032831412479438,0.000341710557526682,0.00035545391714971,0.000369601233433116,0.000384198753604837,185,184.558195243126,184.117734022487,183.678616059142,183.240840448338,182.804405776798,182.369310218081,181.935551610188,181.503127518753,181.072035288522,180.642272085315,180.213834930235,179.786720727569,179.360926287557,178.936448344959,178.513283574215,178.09142860182,177.670880016417,177.251634377049,176.833688219888,176.417038063731,1,0.818689266224696,0.670252195784321,0.548728411017078,0.449238222829409,0.367786688280552,0.301103195082144,0.246510131502631,0.201815368102438,0.165224233898131,0.135267452358305,0.110742143504818,0.090663523064829,0.0742253591606065,0.0607675986836832,0.0497498633987908,0.0407297515218584,0.0333450734797845,0.0272993085362476,0.022349698301108,0.0182974990243936,0,0,0,0,0,0,0,0,0,0,0,0,0,0,0,0,0,0,0,0,0,0,0,0,0,0,0,0,0,0,0,0,0,0,0,0,0,0,0,0,0,0
0,0,0,0,0,0,0,0,0,0,0,0,0,0,0,0,0,0,0,0,0,0,0.000907123136186604,0.00179047417665269,0.00265415023308072,0.00350150157993594,0.00433526785453555,0.00515768942054372,0.00597059842287563,0.00677549323691053,0.00757359934002082,0.00836591908143867,0.00915327237505638,0.00993632997059453,0.0107156406566979,0.0114916535026757,0.0122647360437675,0.0130351891497814,0.0138032591820158,0.0145691479330447,0.0153330207537431,0.0160950131981704,85,84.8864925585306,84.7734014726012,84.6607355245305,84.5485013302575,84.4367038015423,84.3253465022342,84.214431925059,84.1039617082042,83.9939368058875,83.8843576234459,83.7752241248604,83.6665359187041,83.5582923270985,83.4504924412091,83.3431351660242,83.2362192565698,83.1297433472481,83.0237059756453,82.9181056018724,82.8129406242951,6,4.91227110514059,4.02173469247115,3.29264205607106,2.69572531948586,2.20702253497907,1.80691577911321,1.47934363077805,1.21115641806238,0.991588351567702,0.811825353958028,0.664651237091261,0.544158023196908,0.445508781508283,0.364743459891558,0.298619916966645,0.244483773271241,0.20016185690432,0.163874966239782,0.134166447746955,0.109843721820844,0,0,0,0,0,0,0,0,0,0,0,0,0,0,0,0,0,0,0,0,0,0,0,0,0,0,0,0,0,0,0,0,0,0,0,0,0,0,0,0,0,0
0,0,0,0,0,0,0,0,0,0,0,0,0,0,0,0,0,0,0,0,0,1,0.999335113798038,0.998649405031906,0.997946830123586,0.997230629207389,0.996503455742028,0.995767482676638,0.995024489409691,0.994275933014142,0.993523006574544,0.992766686967495,0.992007773995285,0.991246922437204,0.990484668300065,0.989721450317597,0.988957627558548,0.988193493847695,0.987429289576585,0.986665211376436,0.985901420040129,0.985138047010197,60,60.0225321354293,60.044874753499,60.0670414657572,60.0890431324788,60.1108884802784,60.1325845684785,60.1541371446113,60.175550917834,60.1968297709622,60.2179769261468,60.238995075213,60.2598864828188,60.2806530685331,60.3012964724419,60.3218181077956,60.3422192033974,60.3625008378314,60.3826639671658,60.4027094474213,60.4226380528233,8,6.54973452678088,5.36237777304762,4.39026881686895,3.59438685812749,2.94278491007189,2.40930743621283,1.97254045804141,1.61495199051931,1.32218830211987,1.08249775105435,0.886259070271476,0.725595166429309,0.594056930598851,0.48636436875369,0.398194660935826,0.3260086417206,0.266908736847594,0.218522653545432,0.178908155840282,0.146475102496262,0,0,0,0,0,0,0,0,0,0,0,0,0,0,0,0,0,0,0,0,0,0,0,0,0,0,0,0,0,0,0,0,0,0,0,0,0,0,0,0,0,0
0,0,0,0,0,0,0,0,0,0,0,0,0,0,0,0,0,0,0,0,0,0,0.000805962060538496,0.00157703578069343,0.00231940846374914,0.00303814473586406,0.00373739029612742,0.0044205386821627,0.00509036776814025,0.00574915149045411,0.00639875129772339,0.00704069100508957,0.00767621806465062,0.00830635371716603,0.00893193404275739,0.00955364356215144,0.0101720427403028,0.0107875904989184,0.0114006626436095,0.012011566947039,0.0126205554949007,0.0132278347914427,76,75.9809220969275,75.9618080611563,75.9426659057459,75.9235027500102,75.9043248054498,75.8851374222279,75.8659451661071,75.8467519075073,75.8275609118983,75.8083749255195,75.7891962534126,75.7700268285709,75.7508682720795,75.7317219447157,75.7125889907791,75.6934703750353,75.6743669136744,75.6552793001314,75.6362081265461,75.6171539015441,11,9.00585558018716,7.37322138293779,6.03656070068446,4.94221770931622,4.04626363053724,3.31273335495119,2.71218174074321,2.22050163520893,1.81795617241974,1.4883865017477,1.21856314408569,0.997654938070395,0.816794258887727,0.668721056791123,0.547491426425078,0.448239008425222,0.366979645545852,0.300451451877424,0.245983875259184,0.201390496828872,0,0,0,0,0,0,0,0,0,0,0,0,0,0,0,0,0,0,0,0,0,0,0,0,0,0,0,0,0,0,0,0,0,0,0,0,0,0,0,0,0,0
0,0,0,0,0,0,0,0,0,0,0,0,0,0,0,0,0,0,0,0,0,1,1.00301598482614,1.00537542917368,1.00719718655704,1.00857869384811,1.00959979866478,1.01032591580271,1.01081062482724,1.01109780461431,1.0112233855619,1.01121678688889,1.01110209499068,1.01089902912878,1.01062373261096,1.01028942086059,1.00990691217769,1.00948506237379,1.00903112065771,1.00855102101975,1.00804962079182,1.00753089595149,78,78.0064664791859,78.0072496089258,78.003991475618,77.9978394530066,77.9896008042387,77.9798478641907,77.9689898098599,77.9573218026042,77.9450587737455,77.9323587624937,77.9193391249401,77.9060878616822,77.8926715893783,77.8791411939491,77.8655358735156,77.8518860559358,77.8382155243065,77.8245429807251,77.810883208282,77.7972479430916,190,155.555480799609,127.355306072356,104.267456350727,85.3651329976746,69.8895541951927,57.2194955801956,46.8463527988387,38.3537249179874,31.4006991143468,25.7081656427893,21.0476137301724,17.2319586326897,14.1080316315583,11.5504314968215,9.45649060204925,7.74215361772748,6.33860334436226,5.18949823837852,4.24871073873404,3.47847560551361,0,0,0,0,0,0,0,0,0,0,0,0,0,0,0,0,0,0,0,0,0,0,0,0,0,0,0,0,0,0,0,0,0,0,0,0,0,0,0,0,0,0
0,0,0,0,0,0,0,0,0,0,0,0,0,0,0,0,0,0,0,0,0,0,0.00373424620751065,0.00687837233458007,0.00953888068246738,0.0118031032220834,0.0137426283745118,0.0154161249962448,0.016871665507574,0.0181486346423624,0.0192792963682818,0.020290079395701,0.0212026313431375,0.0220346829103105,0.022800756130856,0.0235127447331053,0.0241803896388712,0.0248116685073172,0.0254131148367883,0.0259900793469404,0.0265469440714883,0.0270872977106796,81,81.0371575017888,81.0696379768793,81.0987770629377,81.1255068595347,81.1504822803497,81.1741669654588,81.1968918631955,81.2188953107033,81.2403505649907,81.2613848011879,81.2820922925065,81.3025436094232,81.3227920844691,81.3428783900642,81.3628338072518,81.3826825806885,81.4024436314659,81.4221318151794,81.4417588552682,81.4613340423859,173,141.637394189439,115.960414217058,94.9383307822665,77.7272724384323,63.6363506353193,52.0999258764039,42.6549016783794,34.9221348515002,28.5912158609768,23.4080083146099,19.1644473810378,15.6901876226529,12.8457649676425,10.5169983270296,8.6104061250086,7.04945375193408,5.77148130450707,4.72518828599156,3.86857429692641,3.16725305126631,0,0,0,0,0,0,0,0,0,0,0,0,0,0,0,0,0,0,0,0,0,0,0,0,0,0,0,0,0,0,0,0,0,0,0,0,0,0,0,0,0,0
0,0,0,0,0,0,0,0,0,0,0,0,0,0,0,0,0,0,0,0,0,1,1.00474852733643,1.00862607717155,1.01178995883405,1.01436917145805,1.01646946094117,1.01817748887089,1.01956426301615,1.02068795651281,1.02159622253381,1.02232809346609,1.02291553842288,1.02338474010229,1.02375714128701,1.02405030237368,1.0242786039485,1.02445382234234,1.02458560108714,1.02468183707458,1.02474899683186,1.02479237554979,102,102.043575780995,102.08045894124,102.112475067398,102.140908425301,102.166669461103,102.190409074194,102.212596845177,102.233574805195,102.253594567882,102.272843111082,102.29146078855,102.309554000931,102.327204178477,102.344474202826,102.361413039562,102.378059112036,102.39444278278,102.410588196886,102.426514665094,102.442237711626,198,162.10423493173,132.716077319512,108.655750781452,88.957363001821,72.830130196139,59.6266312973363,48.816817422718,39.9667332290072,32.7210959231727,26.7890325636478,21.9324030769711,17.9562402189331,14.70092269427,12.0357672266435,9.85378233432571,8.06737320354861,6.60482523311658,5.40742508346274,4.42710365576783,3.62450637948222,0,0,0,0,0,0,0,0,0,0,0,0,0,0,0,0,0,0,0,0,0,0,0,0,0,0,0,0,0,0,0,0,0,0,0,0,0,0,0,0,0,0
0,0,0,0,0,0,0,0,0,0,0,0,0,0,0,0,0,0,0,0,0,1,1.00205314775391,1.00378876398835,1.0052644626165,1.00652740099559,1.00761617554382,1.00856237450344,1.00939184956674,1.0101257570838,1.01078141048931,1.01137297810402,1.01191205431292,1.01240812706764,1.01286896051266,1.01330090813215,1.01370916902609,1.01409799763856,1.01447087538936,1.01483065112681,1.01517965606426,1.01551979783489,126,125.937940363602,125.874760130959,125.810729246727,125.746050108353,125.680875926863,125.615323744506,125.549483741755,125.483425951428,125.417205148377,125.350864445553,125.284437965073,125.217952841937,125.151430741652,125.084889020332,125.018341619194,124.951799759799,124.885272488339,124.818767104533,124.752289501535,124.685844436668,59,48.3035060547658,39.5462499895484,32.376654398655,26.5068817397564,21.7012784888185,17.7669143378035,14.5458366088809,11.9087289207051,9.74971951954944,7.982130844195,6.53499968154762,5.35022820711434,4.38025153278336,3.58612812069431,2.93597639887544,2.40369481334703,1.96791393055444,1.61113852014696,1.31904517527822,1.07990727198146,0,0,0,0,0,0,0,0,0,0,0,0,0,0,0,0,0,0,0,0,0,0,0,0,0,0,0,0,0,0,0,0,0,0,0,0,0,0,0,0,0,0
0,0,0,0,0,0,0,0,0,0,0,0,0,0,0,0,0,0,0,0,0,2,1.99986365454572,1.99967723921036,1.99944985371084,1.99918894583526,1.99890061126426,1.99858983899645,1.99826071223984,1.99791657284554,1.99756015589714,1.99719369987029,1.99681903679555,1.99643766605343,1.99605081477248,1.99565948726196,1.99526450546976,1.99486654209473,1.9944661476869,1.99406377282721,1.99365978627999,1.99325448984943,95,94.9656001207329,94.9309664294992,94.8961298419551,94.8611149524288,94.8259414310604,94.7906250849998,94.7551786717828,94.7196125280647,94.6839350594235,94.648153124626,94.6122723389957,94.5762973152377,94.5402318555406,94.5040791054469,94.4678416775399,94.4315217511684,94.3951211530563,94.3586414225996,94.3220838648553,94.2854495936049,12,9.8245148400051,8.04342440467614,6.58522867286509,5.39138990223267,4.41398268970666,3.61377005412056,2.95862830712429,2.42225748027102,1.98312553958971,1.62360400414411,1.32926026881871,1.08827822231854,0.890983901661493,0.729457141031652,0.597213625023954,0.488944582626105,0.400303672215132,0.327732502282721,0.26831778359653,0.219674378317189,0,0,0,0,0,0,0,0,0,0,0,0,0,0,0,0,0,0,0,0,0,0,0,0,0,0,0,0,0,0,0,0,0,0,0,0,0,0,0,0,0,0
0,0,0,0,0,0,0,0,0,0,0,0,0,0,0,0,0,0,0,0,0,1,0.999844624649492,0.99965901931052,0.999448713436214,0.999218228664661,0.998971262479858,0.998710838411481,0.99843942886682,0.998159055579616,0.997871371753332,0.997577729233957,0.997279233440161,0.996976788281735,0.996671132890815,0.996362871658041,0.996052498793821,0.995740418412622,0.995426960956253,0.995112396623481,0.994796946351624,0.994480790796364,79,78.9005877949687,78.8012124079767,78.7018910590984,78.6026373818684,78.5034622156198,78.4043742076877,78.3053802752082,78.2064859622128,78.1076957178724,78.0090131148059,77.9104410214166,77.8119817386782,77.7136371092136,77.6154086046344,77.5172973957163,77.419304408949,77.3214303722224,77.2236758518102,77.1260412823631,77.0285269912686,9,7.3684236369537,6.03262981440104,4.93899716220126,4.04362514439465,3.31057180139916,2.71041096631817,2.21905103886132,1.81676789990078,1.48741314577258,1.21776585915873,0.997001895260459,0.816259379293769,0.668282973469481,0.547132633596276,0.447945164196396,0.366739000467767,0.300254380642855,0.245822492939101,0.201258344396071,0.164773051139953,0,0,0,0,0,0,0,0,0,0,0,0,0,0,0,0,0,0,0,0,0,0,0,0,0,0,0,0,0,0,0,0,0,0,0,0,0,0,0,0,0,0
